9812_Book12_Img_600_Smooth_Page_0008.tif,1,353,2703,622,4014
9812_Book12_Img_600_Smooth_Page_0010.tif,1,219,2584,712,3922
9812_Book12_Img_600_Smooth_Page_0012.tif,1,245,2537,161,3941
9812_Book12_Img_600_Smooth_Page_0030.tif,1,247,2525,226,3925
9812_Book12_Img_600_Smooth_Page_0074.tif,1,252,2508,288,3916
9812_Book12_Img_600_Smooth_Page_0082.tif,1,239,2476,282,3950
9812_Book12_Img_600_Smooth_Page_0085.tif,1,654,2859,227,3937
9812_Book12_Img_600_Smooth_Page_0095.tif,1,673,2885,285,3958
9812_Book12_Img_600_Smooth_Page_0097.tif,1,688,2859,239,3932
9812_Book12_Img_600_Smooth_Page_0098.tif,1,269,2486,273,3917
9812_Book12_Img_600_Smooth_Page_0100.tif,1,333,2529,311,3974
9812_Book12_Img_600_Smooth_Page_0141.tif,1,670,2813,228,3927
9812_Book12_Img_600_Smooth_Page_0144.tif,1,261,2498,194,3854
9812_Book12_Img_600_Smooth_Page_0146.tif,1,226,2426,174,3866
9812_Book12_Img_600_Smooth_Page_0150.tif,1,151,2334,224,3920
9812_Book12_Img_600_Smooth_Page_0152.tif,1,115,2374,162,3880
9812_Book12_Img_600_Smooth_Page_0158.tif,1,245,2452,287,3948
9812_Book12_Img_600_Smooth_Page_0169.tif,1,601,2747,265,3930
9812_Book12_Img_600_Smooth_Page_0172.tif,1,304,2489,364,4070
9812_Book12_Img_600_Smooth_Page_0177.tif,1,581,2779,249,3959
9812_Book12_Img_600_Smooth_Page_0185.tif,1,611,2771,255,3956
9812_Book12_Img_600_Smooth_Page_0188.tif,1,284,2479,263,3944
9812_Book12_Img_600_Smooth_Page_0193.tif,1,671,2833,315,4000
9812_Book12_Img_600_Smooth_Page_0194.tif,1,274,2472,294,3974
9812_Book12_Img_600_Smooth_Page_0229.tif,1,673,2813,274,3936
9812_Book12_Img_600_Smooth_Page_0236.tif,1,279,2457,286,3869
9812_Book12_Img_600_Smooth_Page_0239.tif,1,533,2763,296,3914
9812_Book12_Img_600_Smooth_Page_0243.tif,1,554,2778,277,3919
9812_Book12_Img_600_Smooth_Page_0249.tif,1,535,2781,278,3929
9812_Book12_Img_600_Smooth_Page_0250.tif,1,193,2425,334,3964
9812_Book12_Img_600_Smooth_Page_0251.tif,1,566,2784,316,3934
9812_Book12_Img_600_Smooth_Page_0258.tif,1,242,2499,317,3911
9812_Book12_Img_600_Smooth_Page_0259.tif,1,642,2853,333,3966
9812_Book12_Img_600_Smooth_Page_0267.tif,1,588,2836,256,3906
9812_Book12_Img_600_Smooth_Page_0268.tif,1,359,2589,312,3973
9812_Book12_Img_600_Smooth_Page_0275.tif,1,672,2902,288,3935
9812_Book12_Img_600_Smooth_Page_0277.tif,1,600,2818,310,3950
